id,first_name,last_name,grade,city
1,Selma,Frame,5.41,Chingas
2,Nona,McGraw,3.55,Pacasmayo
3,Janey,Goff,5.34,Vievis
4,Olivia,Gunningham,5.41,Champagnole
5,Edgardo,Yankeev,4.51,Dolisie
6,Mareah,Bartol,4.27,Kamakura
7,Ezra,Caps,4.81,Lenger
8,Giffie,Rubra,4.88,Sokol
9,Kaela,Spellissy,4.65,Jiangshan
10,Lonee,Purchon,5.41,Hassi Berkane
11,Tiebold,Josovich,3.21,Macinhata da Seixa
12,Imelda,Doolan,3.75,Kabīrwāla
13,Elysha,Sanford,4.48,Nova Olímpia
14,Missy,Brabin,5.35,Damascus
15,Hercule,Helin,2.03,Sidomakmur
16,Petey,Novak,4.91,Esperanza
17,Ashli,MacAdie,3.45,Marseille
18,Beale,Moreland,3.82,Pau
19,Laurence,MacDavitt,5.41,Shaffa
20,Aileen,Totterdell,4.68,Valbonë
21,Domenic,Danter,5.04,Jiaze
22,Reinhard,Hinnerk,5.61,Barbacoas
23,Marney,Lipyeat,4.77,Meilin
24,Aguistin,Kesley,4.83,Zhangqing
25,Anastasie,Hellier,2.79,Barra Bonita
26,Dolorita,Braunroth,5.85,Kesheng
27,Brynn,Fisk,5.41,Lakha Nëvre
28,Agathe,Lewton,5.37,Lingxi
29,Rock,Pesticcio,3.79,Yuewan
30,Ira,Couve,2.51,Bègles
31,Ozzy,Bougen,2.29,Hammam-Lif
32,Garry,Causley,4.59,Nesterovskaya
33,Mona,Player,3.23,Pajaten
34,Vicky,Colgrave,2.68,Hongwŏn
35,Tommie,Millson,3.45,Wādī as Sīr
36,Rollin,Philippault,4.21,Hesperange
37,Hadria,Dollman,3.65,Ōkawa
38,Elle,Whetnell,4.66,Hulyaypole
39,Eudora,Mathers,3.28,Kokshetau
40,Nert,Ybarra,5.94,Bolondrón
41,Kally,Cosson,5.33,Guantun
42,Berget,Deare,4.13,Odolanów
43,Renell,Coite,5.22,Masjid
44,Ailsun,Artharg,5.41,Phaya Thai
45,Alina,Le Merchant,5.63,Muurame
46,Malinda,McGlone,3.53,Bobowo
47,Janeen,Braley,3.62,Svoboda nad Úpou
48,Adriano,Bidewel,3.27,Panan
49,Pietro,Curle,2.57,Bintuni
50,Harlan,Karpov,4.91,Xiaojia
51,Marje,Macklam,5.41,Greensboro
52,Deena,Kemitt,3.24,Tete
53,Clarence,Crimmins,5.83,Ciomas
54,Skyler,Flavelle,5.04,Dadiya
55,Shalne,Moyle,3.74,Cové
56,D'arcy,Pentland,5.52,Odivelas
57,Joella,Boanas,4.28,Guali
58,Faustina,Capaldi,3.04,Staryy Togul
59,Catrina,Duffield,6.0,Reno
60,Genevieve,Ilyinykh,4.08,Clearwater
61,Mata,Holberry,5.13,Kiambu
62,Jeane,Janodet,3.33,Hongshan
63,Frank,Stubbings,4.99,Oroin Xibe
64,Farra,Rhubottom,5.52,Santa Cruz das Flores
65,Oliviero,Selesnick,3.85,Limoges
66,Artus,Meese,4.75,Palca
67,Jerry,Iianon,3.18,Prámanta
68,Afton,Pettifer,5.37,Saint-Fargeau-Ponthierry
69,Jillene,Kendell,4.14,Svenljunga
70,Gracie,Wilkin,4.63,Winseler
71,Darcy,Jansky,2.58,Shencang
72,Paten,Arenson,4.24,Manogay
73,Preston,Cobon,3.55,Yekaterinovka
74,Rogerio,Spore,5.21,Bopu
75,Garth,Hedling,5.89,Monte do Outeiro
76,Kane,Kensington,2.26,Musan-ŭp
77,Myrilla,Gascard,4.27,Cikembar
78,Jereme,Vasic,2.36,Mūdīyah
79,Marcellus,Oloman,5.52,Central
80,Delinda,Senchenko,5.0,Donduşeni
81,Park,Aucoate,5.59,Pnikut
82,Diann,Seton,4.44,Dabaozi
83,Michale,Paolacci,5.52,Ojiya
84,Morse,Oxer,4.13,Hartswater
85,Chrysa,Tawton,5.4,Ōita
86,Osmond,Barthrup,5.46,Sangiyn Dalay
87,Loralie,Asch,3.26,Eci
88,Rock,Ravenscroftt,4.18,Hongshan
89,Fredek,Cornbell,3.01,Krasnovishersk
90,Leonora,Hundley,2.74,Verkhniy Rohachyk
91,Elton,Konig,2.13,Tangjiapo
92,Jephthah,Litzmann,5.47,Wanquan
93,Abbey,Lamke,3.51,Changliang
94,Ado,Frigot,3.52,Gulai
95,Elwin,Champkin,4.11,Khagrachhari
96,Ki,Di Carli,4.42,Tianyu
97,Gris,Solloway,2.82,Cemara
98,Palmer,Jedrzejkiewicz,2.2,Tigbaw
99,Alyce,Yuill,2.97,Allen
100,Hammad,Featherstonehaugh,3.13,Saint-Quentin-en-Yvelines
101,Madelle,Cordelle,5.31,Nida
102,Chaddie,Scurr,6.0,Xindian
103,Camille,Tregaskis,6.0,Malārd
104,Kerianne,Litton,4.13,Ḑubāh
105,Monty,Howard - Gater,3.88,Pingdu
106,Roosevelt,Gonneau,5.69,Nogent-le-Rotrou
107,Tom,Orpyne,3.83,Rolante
108,Eadmund,Wemes,5.77,Jagdaqi
109,Del,Elt,3.04,Beijós
110,Wilt,Shotboulte,4.35,Zmijavci
111,Karolina,Kleinstern,5.92,Silihe
112,Daryl,Sanchis,3.65,Lakbok
113,Clemmy,Lidgely,4.27,Ying’ebu
114,Virgilio,Karlqvist,5.66,Estrada
115,Albie,McTerry,6.0,Domaradz
116,Pincas,Stoke,5.52,Lófos
117,Kit,Dumke,4.09,Jinhe
118,Jonathan,Carek,2.34,Černá Hora
119,Rebecca,Filippyev,3.19,Kuaidamao
120,Genvieve,Douberday,2.99,Yinxi
121,Cherin,Speake,4.84,Omuthiya
122,Bevon,Hardiker,5.05,Moglicë
123,Birdie,O' Dooley,2.93,Doropayung
124,Andros,Jedrys,4.48,Huliao
125,Tabbie,Candey,3.84,Piracuruca
126,Tiphanie,Bingham,3.39,Nunleu
127,Karie,Wherry,3.01,Rouen
128,Theodor,Simoncini,5.87,Chengxi
129,Vittorio,Maloney,4.76,Postoloprty
130,Stern,Fahey,3.59,Rousínov
131,Tobye,Brantzen,5.58,Tubarão
132,Joya,Eldered,5.77,Biao
133,Jasmin,Iliff,3.69,Timba Lauk
134,Fraze,Boteman,5.35,Yambio
135,Cori,Creelman,4.57,Banjar Sebual
136,Alena,Goldstone,4.16,Maglaj
137,Jillene,Ponnsett,2.44,Sacramento
138,Rebekkah,Buxey,3.81,Ketian
139,Gardy,Dicey,2.18,Lukolela
140,Alice,Baradel,4.28,Messíni
141,Mathew,Kinchin,3.01,Magay
142,Morley,Mintoff,6.0,Cimrutu
143,Sheffie,Finlan,6.0,Voskopojë
144,Josee,Collishaw,4.4,Santa Elena
145,Alwin,Kuschel,4.56,Ulricehamn
146,Eddie,Phizaclea,5.61,Dangmu
147,Lisetta,Easom,2.52,Waekolong
148,Lesley,Peterkin,5.58,Gangsha
149,Dion,Pointon,5.42,Horní Jelení
150,Alvina,Cisneros,3.32,Longzui
151,Nerta,Lipman,4.45,Tunbao
152,Brenden,Brims,3.57,Tete
153,Trescha,Scoon,2.79,Ấp Tân Ngãi
154,Fairfax,Byart,4.55,Santo Domingo
155,Nerte,Gofford,2.64,Madrid
156,Edna,Goodredge,3.57,Panikihan
157,Ragnar,Stanluck,4.2,Dzhankoy
158,Albie,Feare,2.29,Helsingborg
159,Joyann,Annwyl,2.21,Biggar
160,Claribel,Ginsie,4.51,Jiangwang
161,Woodie,Sandbatch,2.58,Neyagawa
162,Umeko,Dobbison,5.37,Klenica
163,Zechariah,Buggy,3.87,Burunday
164,Marin,Harrod,5.54,Szynwałd
165,Harper,Huggett,3.68,Ban Na
166,Lyman,MacIlurick,2.88,Uarini
167,Caria,Joly,4.47,Isehara
168,Fan,Sangwin,2.49,Kuidou
169,Emmy,Senn,2.9,Älvdalen
170,Willy,Willimont,2.24,Dasuhe
171,Mia,Rentilll,5.25,Viçosa do Ceará
172,Florence,Bogey,4.43,Skýros
173,Sally,Withnall,3.37,Longping
174,Dorella,Balden,2.06,Gucheng
175,Basilio,O'Hern,2.64,Olleros
176,Ronny,Gunbie,3.98,Wiset Chaichan
177,Roscoe,Blanchflower,2.95,Lauro de Freitas
178,Amye,Vondrys,2.22,Maroantsetra
179,Sonia,Padgham,3.71,Dadu
180,Libbey,Pervoe,4.19,Chorkówka
181,Bibby,Edlyn,5.44,Wushan
182,Fiorenze,Gilderoy,5.24,Trikora
183,Randie,Etherson,4.15,Cho-airong
184,Roddy,Dewen,5.76,Callahuanca
185,Edgardo,Challen,2.27,Bitam
186,Regina,Londsdale,4.59,Lages
187,Elora,Tinwell,5.96,Rossosh’
188,Bridie,Dawtry,3.17,Kardítsa
189,Matthaeus,Rimes,3.0,Köpingsvik
190,Ronica,Aisbett,5.72,Bromölla
191,Tito,Jost,4.5,Fengchuan
192,Montague,Millan,3.9,Savannah
193,Doralynne,Jencey,2.97,Węgorzyno
194,Bil,Jesson,4.3,Basoko
195,Chlo,Erricker,3.85,Sigma
196,Lida,Domaschke,4.79,Balbalan
197,Pepe,Bonin,2.56,Laboulaye
198,James,Hammell,3.1,Shiyaogou
199,Genevieve,Banks,4.28,Bawshar
200,Woodrow,McGowan,3.79,Bořitov
201,Lilith,Lelande,3.59,Loo
202,Salmon,Osler,4.69,Oenam
203,Sandy,Emney,6.0,Oodweyne
204,Ernst,Aspital,5.22,Czarna Dąbrówka
205,Dougy,Lamblot,4.1,Kukës
206,Reta,Cathrall,4.8,Anguera
207,Caty,Sheilds,2.41,Balangiga
208,Cedric,Shrubb,2.73,Makungu
209,Gilbert,Scarce,5.47,Cilaja
210,Ardis,Recher,2.3,Fatuhilik
211,Elbertina,Livingston,3.84,Allacapan
212,Danella,Falkinder,5.5,Tipitapa
213,Torey,Foddy,3.44,Ogōri-shimogō
214,Berrie,Agg,4.54,Esparza
215,Mariejeanne,O'Geaney,5.74,Sungsang
216,Zebulon,Throssell,4.21,Allealle
217,Nap,McGorman,2.34,Al Mazār
218,Brocky,Nuemann,2.76,Muskegon
219,Lisha,Reason,4.35,Wangfu
220,Yolanthe,Howsley,6.0,Kokaj
221,Sheppard,McCaster,4.03,Obispos
222,Israel,Iorns,4.64,Koblain
223,Rodi,Jennick,4.85,Amolatar
224,Demott,Molen,6.0,Bianba
225,Zena,Churly,6.0,Žirovnice
226,Hamil,Ausher,3.08,Kurihashi
227,Reece,Woofendell,3.05,Banjar Sengguan
228,Demetra,Guillou,5.58,New Panamao
229,Jakob,Handke,5.76,Uyo
230,Meridel,Tabourin,2.76,Zhongling
231,Towny,Scholcroft,5.97,Calumpang
232,Waldon,Hoggan,5.1,Jagistay
233,Halsy,Coule,3.31,Paris 07
234,Eimile,Naire,3.32,Barão de Cocais
235,Joni,Stranahan,4.14,Kajatian
236,Kirsteni,Sherman,5.97,Acacías
237,Warner,Whitsun,5.65,Tangshan
238,Oby,Vasyaev,4.56,Sarkanjut
239,Alfons,Simoneau,4.04,Tuka
240,Dael,Siviter,4.62,Pacaycasa
241,Kellby,O'Geneay,5.55,Aco
242,Sharla,Guilliland,4.41,Langford
243,Johann,Cockren,4.9,Paseh
244,Doe,Sowersby,5.97,Hihyā
245,Darsie,Nichol,2.21,Shenavan
246,Shem,Hofner,4.46,Maulavi Bāzār
247,Adriana,Gockeler,5.69,Santiago
248,Denna,Ivain,3.85,Hưng Nguyên
249,Ericha,Kos,5.97,Kadujangkung
250,Donica,Ducker,5.97,Kota Bharu
251,Rafa,Rumbelow,4.7,Affery
252,Durand,Hamnett,4.6,Khallat ad Dār
253,Alfie,Henrot,3.14,Yitulihe
254,Howie,Witz,5.74,Haunubenak
255,Ralph,Maloney,2.31,New Panamao
256,Roda,Blennerhassett,3.94,Smołdzino
257,Cristina,Margerison,4.25,Leyuan
258,Kikelia,MacRanald,5.93,Patrocínio
259,Merrile,Livingston,4.98,Houzhai
260,Perry,Bareham,5.42,Changfu
261,Shoshanna,Rivitt,5.97,Daxing
262,Erin,Ream,4.21,Baş Göynük
263,Alia,Voelker,5.79,Pongkor
264,Lynna,Scarbarrow,2.91,Pluak Daeng
265,Augustina,Newitt,4.71,Gurbuki
266,Sharla,Boraston,3.04,Orahovac
267,Shelby,Pattison,5.18,Gravataí
268,Elianora,Arderne,5.14,Tokuyama
269,Anabal,Goodburn,2.72,Tayang
270,Sanderson,Le-Good,3.7,Nàng Mau
271,Brendan,Dockery,5.97,Kabo
272,Danyette,Keenor,5.5,Trucuk
273,Leandra,Lief,4.76,Tandou
274,Jodie,Vigus,3.22,Abdurahmoni Jomí
275,Kristi,Karim,3.61,Hekou
276,Gregory,Scattergood,5.37,Matriz de Camaragibe
277,Clair,Loughlin,5.06,San Antonio
278,Cherice,Woonton,4.23,Copa
279,Andra,Steptoe,2.67,Rizhao
280,Dorena,Cahill,2.55,Jalinan
281,Neile,Milburn,4.84,Kilim
282,Alvis,Schutte,3.22,Runsonglaozhai
283,Reidar,Archdeckne,4.37,Frolovo
284,Benito,Cellone,5.97,Žleby
285,Lilian,Bortolomei,3.64,Timoulilt
286,Vernon,De Maine,5.97,Tai Po
287,Lindsey,Deinert,4.37,Bhisho
288,Gerladina,Bello,5.97,Fonadhoo
289,Fidelity,Chamberlen,3.58,Riangblolong
290,Winnah,de Pinna,2.06,El Ksour
291,Kerianne,Clemenza,2.62,Balneário Camboriú
292,Ashby,Sleany,5.4,Omigawa
293,Harrie,Strangwood,4.31,Ранковце
294,Pen,Tipens,2.26,Zhangzhu
295,Teddy,Jumeau,3.48,Arnhem
296,Adeline,Pidwell,2.41,Kayapa
297,Karoly,Morse,2.47,Sanhe
298,Ervin,Farlamb,5.68,Dongguan
299,Shir,Gegay,2.79,Okrika
300,Vanni,Milam,5.05,Mao
301,Delinda,Di Lucia,3.59,Saratak
302,Alasteir,Craiker,5.94,Evxinoúpolis
303,Lemmie,Cicetti,4.88,N’dalatando
304,Al,Jenkyn,5.97,Oxelösund
305,Patricia,Faughnan,3.63,les Escaldes
306,Lynde,Guierre,5.31,Azul
307,Mill,Glandon,2.81,Bilqās
308,Kane,Willgoose,5.26,Shangdu
309,Wendeline,Rountree,5.97,Mitrópoli
310,Gwendolen,McInnes,3.69,Dongle
311,Normie,Gosneye,2.77,Bailang
312,Burnaby,Hakey,5.47,Cabaritan East
313,Urbano,Halladey,5.68,Banquero
314,Tilda,Duncklee,5.33,Feilaixia
315,Janella,Baudinet,2.85,Shimen
316,Faustina,Fotherby,4.31,Rakhmanovo
317,Athene,Alvin,5.68,Zheleznodorozhnyy
318,Pattie,Semark,5.39,Maripipi
319,Eugenius,Flippelli,5.38,Narutochō-mitsuishi
320,Emile,Aubin,5.1,Xinfeng
321,Natka,Franciotti,4.24,Jingkou
322,Anatollo,Bockett,4.81,Cândido Mota
323,Laurena,Lillywhite,4.42,El Sombrero
324,Archambault,Jarvie,2.53,Lijia
325,Jdavie,Camamill,5.51,Hoani
326,Damita,Rolfe,5.86,San Agustin
327,Sanders,Ketchen,5.97,Calmar
328,Nessi,Sapauton,3.35,Chai Nat
329,Walker,Titta,5.98,Xiping
330,Gideon,Izaks,5.44,‘Afak
331,Vallie,Pic,5.56,Vratsa
332,Georgianne,Dast,3.94,Socorro
333,Stefan,Coopman,5.69,Tegalsari
334,Halsey,Horstead,2.43,Saint-Félicien
335,Pooh,Philimore,5.32,Jeblog Satu
336,Justen,Faux,3.74,Yanwukou
337,Matthew,Renner,5.24,Megati Kelod
338,Jordain,Furman,4.57,Sísion
339,Melli,Bernollet,3.66,Dongyuan
340,Wilton,Blezard,4.71,Paitan
341,Oswald,Stiggers,2.34,New Orleans
342,Micky,Copnell,5.66,Nagqu
343,Diahann,Dengate,4.49,Laranganglintong
344,Wylie,Barnsdall,3.96,Oenunu
345,Eimile,Exer,2.14,Broniszewice
346,Bobby,Lieb,5.98,Rakaia
347,Margarette,Ragdale,4.14,Cravinhos
348,Samara,Daulby,4.22,Nueva Loja
349,Rubetta,Dodsworth,3.29,Singa
350,Tierney,Sparkes,3.69,Turku
351,Diarmid,Tohill,5.05,Manas
352,Maggie,Tylor,5.14,Wedangtemu
353,Duke,Gather,4.07,Dongsheng
354,Helga,Willoughby,5.21,Świdnica
355,Deloris,Frammingham,5.12,Limoeiro de Anadia
356,Adamo,Trousdell,5.56,Sandovo
357,Eryn,Johananoff,5.5,Cibunar
358,Bryana,Connold,3.27,Taldyqorghan
359,Thaine,Wethered,2.7,Krolevets’
360,Shaine,Cuncliffe,3.45,Aldeias de Cima
361,Gayle,Malthouse,4.17,Kalanguy
362,Rafaelia,Cattellion,5.3,Vnanje Gorice
363,Larissa,Smitherham,2.64,Zhumadian
364,Pincas,Gowan,5.3,Jintan
365,Wenona,Witty,5.17,Fujisawa
366,Catharina,Copins,3.64,Bahui
367,Clarisse,Imbrey,5.03,Talagante
368,Ina,Krzyzanowski,3.48,Sundre
369,Jennilee,Barabich,5.45,Troyan
370,Courtnay,Bettlestone,4.38,Clanwilliam
371,Sherye,Capps,2.01,Kondangrege
372,Craggy,Horsley,2.67,Mafra
373,Casar,Macek,4.32,Yima
374,Ninetta,Alejandri,4.76,Bungo-Takada-shi
375,Cristian,Jollie,2.87,Mardakyany
376,Mattie,Braisby,5.0,Banjar Tibubiyu Kaja
377,Olav,Yaldren,5.31,Memória
378,Theodosia,Klausewitz,5.61,Cerro Punta
379,Ninnette,Jurczyk,3.4,Shibli
380,Noellyn,Witherington,3.56,La Playosa
381,Gibby,Hurnell,5.28,Belo
382,Emelia,Bert,3.63,Huangdu
383,Freddie,Fontaine,2.7,Jingyang
384,Carolus,Mealham,5.63,Thoeng
385,Kalinda,Tonry,2.5,Laoliangcang
386,Vincent,Gimbrett,3.22,Spassk
387,Herschel,Velten,3.43,Sinŭiju
388,Cornelia,Pennick,2.36,Aş Şalw
389,Roberta,Burton,4.47,Daja
390,Dasie,De Benedictis,3.82,Karang Kulon
391,Sarajane,Gecke,3.2,Ainaži
392,Daren,Chippin,2.51,Payaman
393,Konstanze,Gori,4.85,Jämsänkoski
394,Kristine,Rickert,2.93,Borisova Griva
395,Orv,Axell,2.1,Napnapan
396,Grete,Brisse,5.88,Vera
397,Lyssa,Krabbe,3.47,Zhoushizhuang
398,Glynda,Elgie,4.47,Vynohradivka
399,Taite,Dowglass,2.84,Proletar
400,Dolly,Southcott,5.34,Enonkoski
401,Lorne,Hatwell,5.21,Mekon
402,Angel,Flahy,3.16,Dongjin
403,Chad,Gerleit,5.38,Weiting
404,Dorie,Helm,4.3,Taipingxu
405,Yvor,Larchiere,3.76,Lyubinskiy
406,Elysia,Fosten,4.67,Qutqashen
407,Culley,Stood,3.63,Thiers
408,Vonni,Iceton,5.97,Yilan
409,Raynor,Mawditt,4.59,Tsarychanka
410,Mal,Harriagn,2.38,Belo Oriente
411,Isabel,Wragge,3.51,Gading
412,Quinn,Giriardelli,2.31,Itajubá
413,Timmy,Jentgens,2.64,Manaus
414,Dorothee,Feldbaum,4.43,Kněžpole
415,Carny,Reisenstein,2.18,Jinja
416,Seana,Sandeford,4.6,Zhongluotan
417,Avie,Casewell,3.08,Sabunçu
418,Mabelle,Scamadin,2.56,Pingzhuang
419,Brnaba,O'Hone,5.14,Ganfang
420,Ware,Juarez,2.53,La Victoria
421,Adrianna,Klus,3.04,Bala Murghab
422,Dorise,Brafferton,5.24,Esmeraldas
423,Harcourt,Goshawk,4.93,Qal‘ah-ye Kūf
424,Carney,Lucien,3.96,Vishnyeva
425,Caron,Shaughnessy,2.63,Pingyang
426,Aron,Kiffe,4.03,Veliki Preslav
427,Arden,Bramsen,4.94,Doloplazy
428,Ashton,Tear,2.07,Fushan
429,Haydon,Pien,4.83,Oslo
430,Lettie,Grunwald,3.53,Wangunsari
431,Renard,Kroin,5.29,Montélimar
432,Anny,Vyse,5.13,Tulyushka
433,Judith,Simmans,3.04,Bandhagen
434,Brigham,Pymar,2.17,Zheleznogorsk
435,York,Pummell,3.62,Río Limpio
436,Dolf,Chatwin,4.61,Puan Selatan
437,Imelda,Barnhill,5.7,Oratorio
438,Horatius,Ruggs,3.9,Cosquín
439,Say,McTurk,4.35,Xijiao
440,Cash,Caze,4.78,Grenoble
441,Glenn,Woolens,5.98,Lampa
442,Ruddy,Moakes,3.33,Stockholm
443,Jessie,McGruar,2.43,Hudson
444,Chalmers,Glennard,5.83,Tanuma
445,Janenna,Durham,3.2,Ampara
446,Charmian,Heighton,3.61,Gweedore
447,Ira,Tyas,3.5,Shestakovo
448,Linnea,Birchill,4.11,Tsyelyakhany
449,Eleonore,Espinay,5.49,Dong’an
450,Venus,Philippard,4.55,Máncora
451,Babette,Prine,5.63,Bentengjawa
452,Lynea,Inkpen,5.17,Villa Santa Rita
453,Chloe,Kulvear,2.1,Jingping
454,Jamill,Milan,4.27,Pampa de los Guanacos
455,Addi,Jacobovitch,5.36,Huochezhan
456,Giordano,Warke,4.99,Thị Trấn Quan Hóa
457,Lilia,Riggott,4.82,Slobodka
458,Aurel,Rossant,4.26,Longtan
459,Darell,Tomasik,4.02,Timrat
460,Ronica,Poolman,4.11,Główczyce
461,Olive,Kitchen,2.89,Florencia
462,Barbara,Wrightim,2.82,Palestina de los Altos
463,Lorilee,Donnel,4.3,Oenpeotnai
464,Morissa,Kuhnke,3.25,Butel
465,Carly,Niset,4.56,Fais
466,Fifine,Semered,5.91,Tasböget
467,Delbert,Bartolomeu,3.97,Sanbaishan
468,Chloette,Wadelin,5.58,Portland
469,Jacky,Stonestreet,2.02,Sovetskoye
470,Halley,Descroix,4.5,Malummaduri
471,Daryle,Hoys,4.82,Kalloní
472,Mortimer,Shelf,5.51,Machang
473,Tarrance,Riddle,3.41,Campo Viera
474,Paten,Staunton,4.78,Nässjö
475,Merrile,McHale,3.11,Ferreiros
476,Alex,Handaside,2.59,Thanh Khê
477,Heath,Mengo,2.96,Thetford-Mines
478,Johannes,Peterffy,2.4,Garissa
479,Gerhardine,Snookes,3.19,Kanugrahan
480,Wileen,Fawlks,3.89,Staryy Saltiv
481,Fair,Bunyan,3.35,Sut-Khol’
482,Catina,Reddlesden,5.0,Créteil
483,Giffard,Bozier,2.13,Komi
484,Hinda,Waiton,4.75,Dijon
485,Aeriell,Tarrant,2.27,Kotadukuh
486,Aile,Siddell,4.93,Leticia
487,Joice,Haylor,3.37,Oeiras
488,Florrie,Skoyles,3.46,Kuwait City
489,Peta,Ruse,3.19,Dongting
490,Zelda,Coltman,3.69,Wenci
491,Kellina,Shorte,4.25,Luboń
492,Lilian,Spowart,2.97,Pryyutivka
493,Ole,Manske,5.18,Los Pinos
494,Riannon,Snare,5.3,Nidri
495,Duncan,Lukas,5.31,Bantarsari Kulon
496,Abbie,Broadstock,5.71,Knoxville
497,Elizabet,Hundley,2.83,Tambaksari
498,Trace,Sentinella,4.95,Cunha
499,Amelia,Williment,3.7,Khallat ad Dār
500,Rinaldo,Hammett,5.58,Lagoa do Itaenga
501,Jan,Shetliff,4.32,Los Arcos
502,Lowrance,Fibbens,3.11,Achada
503,Hadleigh,Emblen,3.14,Tonghu
504,Walsh,Symonds,5.31,Changting
505,Crosby,Winterbourne,3.07,Buurhakaba
506,Jenica,McCrackan,4.58,Agalteca
507,Alexio,Huggon,3.21,Paris La Défense
508,Christie,Haggleton,5.72,Linköping
509,Bethany,Jirak,4.03,Hualong
510,Faith,Stoodley,3.89,Nässjö
511,Linell,Hoston,5.08,Moutnice
512,Hussein,Milksop,2.66,Cartago
513,Desmund,Scandrick,5.13,Lengshuitan
514,Richardo,Church,5.25,Pacov
515,Brinn,Wharby,2.54,Banī Suhaylā
516,Mia,Jenken,4.27,Bueng Kan
517,Walther,Hindge,3.69,Druju
518,Burt,Fassam,2.77,São Sebastião do Caí
519,Kettie,Limming,4.74,Seattle
520,Andi,Gunston,2.62,La Lima
521,Conchita,Tunno,2.47,Baoji
522,Carmelina,Teal,5.6,Palmeira
523,Amelia,Woodburne,5.9,Delod Pangkung
524,Shawn,Mart,3.64,Dimayon
525,Hortense,Kenner,2.09,Ndeaboh
526,Wyatan,Falconbridge,2.19,Hoboksar
527,Nanete,Shankster,2.99,Banī an Nahārī
528,Georgette,McIlenna,4.32,Tunja
529,Yvon,Andriuzzi,5.33,Kriel
530,Wade,Westmancoat,2.82,Goseong
531,Brewer,Andres,4.67,Lagangilang
532,Barnie,Kisting,4.59,Nangang
533,Salvidor,Bywaters,4.23,Yuanda
534,Florencia,Yanov,2.98,Rosebank
535,Geraldine,Attawell,5.57,Rabat
536,Tedda,Eyre,3.39,Västerås
537,Ikey,Wallach,3.83,Wako
538,Caldwell,Depper,3.96,Lokossa
539,Kenn,Fellona,2.94,Lexington
540,Amabelle,Brizell,5.7,Santa Lucía
541,Cecil,Ambroise,3.82,Luohuang
542,Nelie,Cuming,5.36,La Sierpe
543,Hedwig,Ridesdale,4.6,Santa Ana
544,Lannie,Cerie,5.04,Puteaux
545,Cicely,Stampe,5.39,Danja
546,Violette,Noye,5.52,Kosmach
547,Leia,Willgoose,4.56,Danao
548,Rafaelita,Gascoine,4.07,Hīrna
549,Charita,Humby,5.31,Margaharja
550,Garnet,Burds,5.3,Dabu
551,Madelina,Hegg,2.82,Thị Trấn Mường Lát
552,Renell,Humby,3.01,Huanggexi
553,Brit,Winton,3.97,Khadyzhensk
554,Anselm,Gosson,3.06,Soly
555,Cicily,Ordish,3.42,Mundolsheim
556,Alverta,Dyet,3.73,Mababanaba
557,Leif,Burston,2.72,Pinghu
558,Padraic,Myton,5.41,Baoshan
559,Maude,Ledes,2.96,Novopavlovsk
560,Connie,Langtree,4.82,Priekulė
561,Merell,Goldman,5.7,Lubasz
562,Buckie,Brandts,3.43,Wangtai
563,Darya,Clingoe,2.7,Muricay
564,Lou,Ipsgrave,2.25,Wufu
565,Tammy,Rosser,5.46,Quetigny
566,Shellysheldon,Blankley,2.23,Kiernozia
567,Royal,Tidmarsh,3.6,Grand Junction
568,Malynda,O'Suaird,4.2,Kalisangkrah Lor
569,Kendra,Corneljes,3.42,Rufino
570,Sherlock,Blumire,3.38,Pizarrete
571,Luciano,De Blasi,3.84,Makanya
572,Cass,Hourigan,3.23,Aras-asan
573,Phil,Caldecourt,5.65,Svetlyy
574,Paula,Sowley,5.91,Kraaifontein
575,Dulcia,Tremellan,4.05,Santa Teresita
576,Nissie,Garton,2.88,Xiaojiang
577,Siegfried,Gillbard,4.45,Tha Yang
578,Wilbert,Baudasso,2.15,Petrovo-Dal’neye
579,Edgardo,Starsmeare,4.65,Liutan
580,Phyllys,Belfield,2.56,Santa Cruz
581,Kamila,Kemet,4.82,Asempapak
582,Cordey,Bushaway,3.87,Novosineglazovskiy
583,Georgeanna,Swainston,4.61,Santiago do Cacém
584,Marcelo,Porch,5.73,Rivière-du-Loup
585,Elsy,Chart,5.98,Oxapampa
586,Abie,Mattke,3.02,Nizhnedevitsk
587,Berni,Goldby,3.79,Xinzhou
588,Julianne,Dennerley,4.92,Otutara
589,Nahum,Dommersen,2.03,Caen
590,Luis,Tiler,4.66,Ciawi
591,Jillana,Yates,4.67,Bakan
592,Rickert,Wing,3.96,Pakembangan
593,Claiborn,Esposi,3.42,Jämsänkoski
594,Garvin,McWaters,4.04,Ibadan
595,Drona,Nussen,3.96,Benito Juarez
596,Matthew,Lerway,3.99,Nelson
597,Pacorro,Farrant,4.66,Hihyā
598,Dale,Cabrales,4.86,Gaoguan
599,Vail,Vamplus,2.71,Tangtou
600,Claybourne,Klulicek,5.85,Nankang
601,Maribelle,Salerg,5.67,Maraial
602,Gill,Stubbington,5.11,Shīrvān
603,Sonnnie,McDermott-Row,4.11,Neftegorsk
604,Austina,Merington,3.67,Чучер - Сандево
605,Sigrid,MacEvilly,2.07,Marcala
606,Genevra,Bourbon,2.24,Barlinek
607,Eryn,Gonneau,5.64,Shiqiao
608,Malanie,Chirm,3.82,Jingdu
609,Artair,MacNish,5.22,Jega
610,Zebulen,Verdy,4.9,Shubenka
611,Martynne,Cathee,2.59,Estrada
612,Lisha,Sicily,5.34,Candijay
613,Dorris,Scorthorne,4.74,Zhongshangang
614,Kory,Hildrew,4.18,La Montañita
615,Emalee,Routh,4.08,San Juan
616,Vania,Gerran,4.4,Qingtaiping
617,Coralyn,Bloss,2.9,Clanwilliam
618,Miriam,Clulee,4.43,Sorochinsk
619,Fergus,Scorton,5.71,Além Paraíba
620,Joyann,Battisson,4.0,Qila Abdullāh
621,Flor,Magee,5.54,Markham
622,Rosabelle,Widdecombe,3.08,A dos Negros
623,Toby,Barthod,3.63,Langtou
624,Mattie,Gregorowicz,5.88,Jahāniān Shāh
625,Bill,Jancik,4.13,Soest
626,Dev,Redhead,5.46,Jishan
627,Lion,Exell,3.3,Yangqiao
628,Donny,Klauer,3.9,Fort-de-France
629,Brook,Cicullo,4.77,Feitoria
630,Elmer,Vost,3.86,Sangongqiao
631,Tremaine,Strangman,2.47,Langford
632,Lowrance,Whines,2.09,Grenoble
633,Gavrielle,Rivers,5.47,Esch-sur-Alzette
634,Eda,Habbes,5.92,Baoxing
635,Crissie,Welham,4.87,Gaocun
636,Veronika,de la Valette Parisot,5.21,Chenārān
637,Cornell,Dahlback,5.36,Villa Serrano
638,Lynnelle,Robelow,2.33,Corinto
639,Yoko,Teaz,3.97,Soba
640,Paxon,Glawsop,2.39,Gazli
641,Hedi,Millar,4.84,Hatava
642,Ira,Sandyfirth,4.37,Sanjian
643,Lianne,Fourmy,2.02,Buenavista
644,Armstrong,Cleary,2.77,Nagornyy
645,Munroe,Eales,2.45,Kedrovyy
646,Alli,Ridhole,3.81,København
647,Kassi,Barnwell,3.7,Kurumkan
648,Sorcha,Briatt,4.41,Boa Viagem
649,Berty,Amiable,5.29,Freiburg im Breisgau
650,Zak,Ajsik,2.1,Vasyl'evsky Ostrov
651,Suzanna,Guppy,2.35,Toride
652,Andres,Mauger,5.68,Guaratinguetá
653,Morlee,Kemm,2.53,Fundación
654,Ezra,Addenbrooke,5.03,Rongcheng
655,Angelle,Ambroziak,3.56,Novocheboksarsk
656,Shandra,Ferrarello,2.79,Greda
657,Raye,McGaffey,2.99,Trosa
658,Therine,Christofe,3.05,Maiac
659,Kellen,Copperwaite,4.96,Sagang
660,Florida,Hayes,5.66,Qŭrghonteppa
661,Collie,Aleksich,5.38,Knivsta
662,Ora,Ratke,5.98,Panawuan
663,Rosita,Liebmann,3.26,Cumedak
664,Gnni,Surtees,5.59,Yanji
665,Othelia,Kerrich,5.2,Anaráchi
666,Mahmud,Pirrey,3.59,Jincheng
667,Morna,Lumsdaine,4.72,Alaghsas
668,Allx,Blamires,5.08,Pitai
669,Cicely,Dudman,5.53,Niamtougou
670,Louie,Harry,5.1,Namboongan
671,Madelene,Simants,4.92,San José
672,Shani,Champken,4.18,Sinarbakti
673,Shayla,Winpenny,3.65,Zhovti Vody
674,Hally,Lissandrini,5.65,Wubao
675,Sergeant,Wayon,2.08,Santa Teresa First
676,Delaney,Wale,3.59,Sindangrasa
677,Nealy,Limerick,5.74,Shāhīn Shahr
678,Josee,Dorot,2.05,Wattegama
679,Farrand,Harcarse,4.77,Mirošov
680,Tim,Birkmyr,4.32,Xinpu
681,Agnesse,Rhymer,3.52,Pingshi
682,Tana,Tyrrell,5.72,Pieksämäki
683,Lucienne,Sterland,3.49,Linköping
684,Billie,McPaike,5.1,Pásion
685,Toby,Meron,5.75,Vale da Serra
686,Ambrosi,Trewartha,2.37,Laban
687,Leticia,Trenaman,2.12,Breda
688,Liliane,Wetheril,4.51,Alingsås
689,Cosette,Waghorne,2.43,Bāglung
690,Edwin,Omond,5.91,Yanac
691,Clarita,Hartfleet,5.7,Rimba Sekampung
692,Tanner,McNellis,2.51,Marau
693,Karee,Sennett,2.28,Pirojpur
694,Sarette,Crispin,5.33,Bondoukou
695,Doreen,Sennett,5.49,Galatás
696,Jerrome,Belfelt,5.09,Belz
697,Janot,Itchingham,4.37,Bandar Pusat Jengka
698,Kippie,Grubey,4.03,Bilhorod-Dnistrovs’kyy
699,Catlee,Mouatt,5.25,Kharkiv
700,Pete,Soall,2.2,Nobres
701,Ricard,MacDermot,3.34,Dongjiahe
702,Lorry,Semor,5.38,Łęki
703,Reena,Penlington,4.7,Jifnā
704,Drugi,Aiers,5.75,Dama
705,Bartie,Pond,3.82,Huacrapuquio
706,Lucie,Davioud,4.31,Hotsk
707,Dyan,Wallington,4.65,Fuyang
708,Orlando,Grigoire,3.87,Kuala Lumpur
709,Bob,Wimms,5.54,El Refugio
710,Rockwell,Suter,5.7,Onomichi
711,Kora,Kirsz,2.67,Al Hoceïma
712,Addy,Stretton,2.16,Qalaikhumb
713,Wilek,Nowick,3.19,Loujiadian
714,Franklyn,Bowater,3.08,Karasuk
715,Thom,Tedridge,4.23,Mileb
716,Penelope,Doerling,4.76,Cirateun
717,Joye,Catlette,3.59,Shuishaping
718,Rollo,Vineall,5.48,Bigaan
719,Ruprecht,Fildes,4.23,Sogamoso
720,Alyse,Dorro,3.0,Ibirama
721,Cornell,Rutgers,4.29,Amuru
722,Itch,Linnitt,2.46,Nierumai
723,Kirbie,Sewards,4.22,Shigu
724,Joya,Dolligon,5.72,Safakulevo
725,Gray,Dyer,4.4,Luyang
726,Ulrikaumeko,Espinay,3.19,Hrádek
727,Maybelle,Catford,4.44,Tulsa
728,Ethelind,Gash,3.3,Yong’an
729,La verne,Judson,5.86,Barra de São Francisco
730,Gail,Scay,4.69,Lũng Hồ
731,Rodolfo,Rumsby,3.93,Yangchao
732,Ellsworth,Chambers,2.56,Varnávas
733,Royce,Spindler,5.55,Onsŏng
734,Bax,Grinley,5.87,Blarney
735,Wynny,Moulding,4.07,Padre Burgos
736,Cacilie,Crellim,3.2,Oroqen Zizhiqi
737,Son,Kettlestringes,5.1,Chipinge
738,Molli,Brumby,2.16,Biała
739,Moritz,Govinlock,2.16,Psary
740,Mortie,O'Garmen,5.54,Xingbin
741,Nara,Westhead,4.5,Kanigorokrajan
742,Kennith,Payle,2.44,Qal‘ah-ye Shahr
743,Jobyna,Treadwell,2.53,Gotse Delchev
744,Svend,McGeffen,4.97,Campurrejo
745,Lonnard,Afield,5.18,Lanyi
746,Raeann,Hallows,2.83,Xam Nua
747,Clarie,Heaker,2.46,Youdian
748,Sabrina,Dranfield,4.64,Salinungan Proper
749,Margot,Mc Ilory,4.72,Frederiksberg
750,Brooke,Yacobsohn,3.55,Banaba
751,Katy,Burnand,2.83,Aykol
752,Aurora,Rispen,4.86,Pantai Ceuremen
753,Noah,Daw,3.02,Joaquín V. González
754,Elenore,Goodison,5.15,Olympia
755,Pooh,Rothert,2.73,Quebradas
756,Gordie,Stoffel,4.39,Linton
757,Johann,Coonihan,4.55,Breia
758,Abbie,Damper,3.18,Karangpeton
759,Englebert,Borrett,3.96,Napier
760,Sisile,Bryceson,5.24,Qiling
761,Eulalie,Daville,5.87,Yaopi
762,Cassandra,Daffern,2.06,Celorico de Basto
763,Thalia,Angrove,4.89,Angers
764,Michal,Driffield,5.64,Vryburg
765,Patricio,Brood,5.07,Yonghe
766,Karlens,Willoway,4.92,Qorovulbozor Shahri
767,Stanwood,Lober,5.4,Loufan
768,Rourke,Stalman,4.33,Sugiharjo
769,Stephannie,Wilfling,5.15,Sar-e Pul
770,Galvin,Tinner,4.51,Teculután
771,Caril,Paolucci,5.4,Ambalavao
772,Gerek,Lamswood,3.62,Jedung
773,Grace,Rosenthaler,2.43,Karang Daye
774,Corrie,Murkus,2.98,Świnice Warckie
775,Winni,Benedick,4.25,Chatuchak
776,Marie,Barenskie,2.07,Xinmin
777,Jodi,Oboy,4.38,Gondomar
778,Judah,Blagbrough,2.62,Lubbock
779,Monti,Roycraft,4.64,Yelenendorf
780,Shauna,Bricksey,5.89,New Mīrpur
781,Celia,Peyes,4.65,Lashkar Gāh
782,Zacharia,Draper,5.09,San Antonio
783,Lind,Clover,4.9,Falefa
784,Eryn,Ellissen,5.27,Kruševo
785,Delcine,Sirett,5.17,Gennevilliers
786,Ilysa,Cucuzza,5.66,Diapaga
787,Valentine,Christofol,3.38,Hucun
788,Sela,Edridge,5.1,Agía Foteiní
789,Lorrie,Schutt,4.09,El Limon
790,Julietta,Harnott,4.39,Limbuhan
791,Padget,Deluce,5.75,Wanagiri
792,Tonya,Powell,5.08,Jutrosin
793,Alexander,Hiner,5.79,Çalxanqala
794,Kirstin,Pittel,4.71,Cerrito
795,Aubree,Fountaine,5.29,Lom Sak
796,Malory,Hutcheson,2.87,Tromsø
797,Josselyn,Noakes,2.62,Bilad
798,Aviva,Frantzen,3.75,Uitiuhtuan
799,Vivian,Fears,3.07,Kobuleti
800,Callean,Edis,5.53,Shuiquan
801,Rodrique,Vallentine,5.71,Kuwait City
802,Eloisa,Dyball,3.66,Paris 14
803,Nolana,Houldin,5.62,Portobelo
804,Tabby,Leeman,4.73,Calhetas
805,Batsheva,Eskrick,2.4,Butou
806,Celinka,Gascar,2.5,Kobylin
807,Gerek,Braycotton,3.33,Guisguis
808,Modestine,Kivlin,4.62,Zaragoza
809,Lanie,Handscombe,4.2,Ayacucho
810,Dede,Hobbing,4.5,Rio Verde de Mato Grosso
811,Drucill,Kulas,3.52,Pucallpa
812,Alessandro,Berks,2.38,Selianítika
813,Saw,Bloor,4.99,Leran
814,Garner,Maloney,5.14,Donggou
815,Ahmad,Dufore,4.33,Vel’sk
816,Keane,Pandie,3.06,New York City
817,Cicily,Twaits,5.47,Ribeira do Pombal
818,Lionello,Tiebe,2.84,Bolo
819,Rebecca,Jonah,2.85,Meicheng
820,Andrew,Edon,2.31,Donnybrook
821,Kendra,Gaitung,2.88,Firmat
822,Norbie,Grelak,2.32,Vicente Guerrero
823,Rania,Pennini,3.91,Xuanhuadian
824,Danny,Boak,2.78,Muhur
825,Deeyn,McTerlagh,3.74,Tingsryd
826,Sonnie,Edgeson,4.86,Roanoke
827,Eddy,Barnewelle,2.18,Tsuma
828,Lazaro,Sharple,3.58,Purwodadi
829,Cly,Hebbes,3.13,Guadalupe
830,Camille,Connechy,4.25,Elliot
831,Joshua,Bierman,5.24,Sandu
832,Shelley,Rawnsley,2.86,Dongsheng
833,Addy,Greedyer,5.25,Lancaster
834,Arline,Lyons,3.17,Drammen
835,Coreen,Springham,2.17,Marcara
836,Emmie,Prattington,2.35,Pagsañgahan
837,Oralle,Lipscombe,2.2,Ararat
838,Baxy,Harburtson,5.27,Mogwase
839,Damara,Sexcey,5.88,Krasnodon
840,Rafaellle,Piotrkowski,4.09,Sanxi
841,Gabriele,McFeate,5.33,Sindang
842,Maximilianus,Beswick,3.83,Columbia
843,Janie,Pally,5.23,Qincheng
844,Emlyn,Tulleth,2.91,Tartagal
845,Bartholomeus,Medlicott,2.77,Drachten
846,Jemmy,Thraves,3.34,Xiheshan
847,Man,Sayre,3.79,Liurenba
848,Arlena,Simioli,3.17,Bang Pahan
849,Myer,Succamore,4.5,Birigui
850,Penny,Rainsdon,5.34,Quilmes
851,Addy,Buyers,3.79,Sukamahi Satu
852,Jody,Maskell,5.98,Gukovo
853,Jeanelle,Halkyard,4.44,San Pedro
854,Efrem,Thomann,4.7,Miaotou
855,Koral,Gerritzen,5.11,Wiązownica
856,Mariya,Greenstead,4.02,Weixin
857,Ruthi,Laurant,3.33,Mchinji
858,Reade,Netti,3.37,Muroran
859,Ronny,Boner,2.45,Klimontów
860,Raynell,Elis,2.05,Messejana
861,Charin,Thickett,4.08,Wenfu
862,Ericka,Towriss,3.67,Cililitan
863,Bogart,Angell,3.47,Gaoqiaolou
864,Saleem,Harwood,4.77,Ambatofinandrahana
865,Taddeo,Ronald,5.49,La Palma
866,Kora,Le Barr,4.85,Vrbovec
867,Ange,Songhurst,3.73,Pyhäranta
868,Lucho,Mouncey,2.34,Belfast
869,Augustina,Pyson,3.19,Austin
870,Ruprecht,Muirhead,5.72,Leer
871,Licha,Cecchi,5.46,Cabinteely
872,Caesar,Mechem,4.64,Romny
873,Gladi,Jenckes,5.39,Baharly
874,Benjie,Garn,3.98,Olmos
875,Harcourt,Shervington,2.27,Bella Unión
876,Athena,Fadden,4.22,Boundiali
877,Free,Koppelmann,3.92,Soca
878,Dwight,Wilfing,4.92,San Francisco
879,Caprice,Dayborne,2.47,Borlänge
880,Clementina,Blackhurst,3.37,Al Khānkah
881,Juline,Reams,5.45,Tanjungampalu
882,Glenda,Middlemiss,5.3,Kobiernice
883,Ulrica,Shoemark,4.25,Gongjiang
884,Dawn,Askam,3.8,Inuotose
885,Danie,Queen,2.61,Talanga
886,Darelle,Ancell,4.0,Ichinoseki
887,Tremain,Coleford,4.75,Cercal
888,Jemima,Paye,2.14,Nan’ao
889,Perla,Kennealy,3.63,Bangker
890,Leo,Turneaux,5.33,Jamundí
891,Dina,Cockarill,2.48,Goba
892,Corbie,Rheam,2.67,Bereeda
893,Valeda,Ansty,2.3,Cirangkong
894,Adler,Crummy,2.8,Velikiy Novgorod
895,Allayne,Shearston,2.36,Klau
896,Delphinia,Ellson,3.42,Anto
897,Benedikt,McKern,5.44,Fenchen
898,Marcelline,Mottershaw,3.04,Yingtou
899,Adolf,Hockey,3.77,Jiguan
900,Alanah,Hedon,3.91,Gjinoc
901,Izabel,Todarini,4.12,Liliba
902,Ollie,Foxall,5.18,Huangshi
903,Carole,Widdup,3.06,Olenegorsk
904,Alleyn,Shoutt,2.69,‘Aşīrah al Qiblīyah
905,Selene,MacLucais,3.3,Kawm Ḩamādah
906,Simona,Fenkel,5.04,Newbiggin
907,Shir,Heavens,2.99,Tyresö
908,Stesha,Sitlinton,3.72,Santa Cruz de El Seibo
909,Dinny,Vala,4.59,Iradan
910,Philly,Sokale,3.67,Cinangsih Satu
911,Albertina,Robertazzi,3.45,Sumberagung
912,Lionello,Triggs,5.85,Wolin
913,Vittorio,MacAnelley,3.42,Várzea da Serra
914,Aurelea,Bille,2.2,El Zapotal del Norte
915,Leeland,Passo,3.43,Lidečko
916,Giorgio,Boor,2.86,Shijia
917,Ibby,O' Concannon,2.04,Zākhū
918,Gustie,Murrhardt,5.56,"Palmas De Gran Canaria, Las"
919,Michelina,Andretti,3.01,El Paso
920,Codi,Shambrooke,2.18,Kupiskis
921,Dunstan,Berrick,5.97,Huangjindong
922,Jeane,Brimley,3.44,Pizhma
923,Marsh,Coonan,4.56,Pingtang
924,Mathe,Churm,3.57,Beringin
925,Romonda,Grzelczyk,3.02,Nueva Imperial
926,Vivien,Udell,3.02,Nancun
927,Crystal,Mamwell,4.24,Tayasan
928,Beau,Kinleyside,3.53,Paradise
929,Willis,Giacomuzzi,2.99,Arnhem
930,Ximenes,Coyett,4.8,Xilian
931,Olin,Reubens,4.8,Cikananga
932,Aurelia,Clawe,4.12,Hisya
933,Natty,Broadfield,3.54,Hecun
934,Alvy,Arter,2.2,Nowy Staw
935,Adolpho,Agdahl,4.15,Makarov
936,Galven,Giacomo,5.37,Citeguh
937,Darn,Bucknell,3.31,Trelleborg
938,Dionisio,Aldred,3.06,Árta
939,Chance,Margarson,2.6,Terentang
940,Bill,Tissier,2.42,Xinhe
941,Loraine,Pattle,5.99,Naschel
942,Raul,Note,4.39,Kosów Lacki
943,Lindsey,Erwin,2.4,Zhujiachang
944,Francene,Sappell,5.58,Yuanhou
945,Katrinka,Flippelli,2.85,Sumberarumkrajan
946,Thor,Pearcey,3.06,Krajan Joho
947,Dare,Matura,5.55,Manis Mekarwangi
948,Andreana,Penritt,3.02,Dupi
949,Portia,Free,2.31,Kolwezi
950,Tiebold,Dunster,5.15,Qesarya
951,Sascha,Milnthorpe,2.31,Dagestanskiye Ogni
952,Baldwin,Darrigone,5.2,Centurion
953,Dwain,Cockshut,5.38,General Conesa
954,Britt,Hischke,3.87,Ołpiny
955,Yoshi,Gatherell,2.94,Piteå
956,Hale,Fishly,4.71,Wola Jachowa
957,Doroteya,Simone,3.75,Châteauroux
958,Karlan,Wadwell,2.74,Vallenar
959,Loree,Dimmer,2.31,Malaga
960,Jorie,Twiddle,5.9,Zorgo
961,Dale,Souness,4.8,Wuxiang
962,Angel,Dilleway,5.54,Artur Nogueira
963,Dav,Waliszek,2.14,Xiyang
964,Janella,Croster,5.26,São Domingos de Rana
965,Adrianne,Geerling,2.29,Río Grande
966,Eve,Dessent,4.57,Novoukrayinka
967,Ram,Sherwill,3.68,Irákleia
968,Glenine,Openshaw,3.11,Umeå
969,Brittany,Waterworth,3.78,Tegarenkrajan
970,Charlie,Elder,2.81,Prokhorovka
971,Carole,Medeway,2.96,Haramgai
972,Dalton,Westall,3.61,Biskamzha
973,Lou,Dennistoun,4.42,Ravne na Koroškem
974,Rianon,Hebbron,3.91,Lahad Datu
975,Rori,Di Franceshci,2.17,Pishaj
976,Zolly,Bodemeaid,4.68,Banjar Kelodan
977,Rene,Ioannou,3.8,San Carlos
978,Yetty,Breem,2.91,Az̧ Z̧alī‘ah
979,Karla,Braganca,3.79,Krasnyy Gulyay
980,Gerhardt,O'Gleasane,2.92,Lizhai
981,Kevina,Oganesian,4.8,Aqqan
982,Giustina,Kersley,3.82,Boden
983,Eleanore,Glewe,3.09,Oslo
984,Avram,Huyche,5.77,Sugihwaras
985,Andrey,McTurley,3.69,Alingsås
986,Thia,Smieton,5.93,Ladoang
987,Ciro,Danilenko,2.18,Timrå
988,Abraham,Heineke,2.01,Santa Fe
989,Willard,Girvan,2.23,Tayāsīr
990,Valenka,Mouatt,4.25,Gibgos
991,Lacey,Busfield,2.76,Jazovo
992,Hayward,Pesic,5.2,Pernå
993,Pattie,Cully,3.52,Pio Duran
994,Rhett,Madre,4.6,Kiangan
995,Sterling,Starr,3.38,Senador Canedo
996,Roxanne,Sackey,2.76,Shali
997,Leroi,Axup,5.15,Hexi
998,Dione,Clinch,5.24,Little Rock
999,Tonnie,Ewbach,5.24,Cibaregbeg Dua
1000,Dollie,Cornner,2.92,Mayskiy
